NumPoints,DC,DCYPreSorted,DCParallelized,DCAllThreaded,NSquare
100,1.6747e-05,1.2527e-05,0.000285396,0.0017039,1.1101e-05
1000,0.000137616,0.000156419,0.000203995,0.0320875,0.0016567
10000,0.00142858,0.00207598,0.00090655,0.225845,0.0901237
100000,0.0199273,0.0290461,0.0116812,2.03635,8.53675
