NumPoints,DC,DCYPreSorted,DCParallelized,DCAllThreaded,NSquare
100,5.1414e-05,4.7247e-05,0.000237857,0.00167946,5.5723e-05
1000,0.000639583,0.00105661,0.000462259,0.0221673,0.00443734
10000,0.00734789,0.00917589,0.00347153,0.196966,0.396161
100000,0.0834607,0.102471,0.0752005,1.71027,40.9844
