NumPoints,DC,DCYPreSorted,DCParallelized,DCAllThreaded,NSquare
100,1.645e-05,1.2058e-05,0.00179236,0.00228705,9.245e-06
1000,0.000138309,0.00017949,0.000241001,0.0240178,0.000810714
10000,0.0016976,0.00207099,0.00179181,0.240741,0.086563
100000,0.0202559,0.0285635,0.0100885,1.88816,8.14054
